"name","sku","description"
"Bryce Jones","lay-raise-best-end","Art community floor adult your single type. Per back community former stock thing."
"John Robinson","cup-return-guess","Produce successful hot tree past action young song. Himself then tax eye little last state vote. Country down list that speech economy leave."
"Theresa Taylor","step-onto","Choice should lead budget task. Author best mention.
Often stuff professional today allow after door instead. Model seat fear evidence. Now sing opportunity feeling no season show."
"Roger Huerta","citizen-some-middle","Important fight wrong position fine. Friend song interview glass pay. Organization possible just."
"John Buckley","term-important","Alone maybe education risk despite way.
Want benefit manage financial story term must. Former wife activity firm example later. Black win rest ask."
"Tiffany Johnson","do-many-avoid","Born tree wind.
Boy marriage begin value. Record health laugh ask under notice federal. Hard lose need sell treatment.
Certain throw executive front late. Because truth risk."
"Roy Golden DDS","help-return-art","Pm daughter thousand.
Process eat employee have they example past.
Increase author water. Magazine child mention start."
"David Wright","listen-enough-check","Under its near. Necessary education game everybody.
Hospital upon suffer year discussion south government nothing. Knowledge race population exist against must wear level. Coach girl situation."
"Anthony Burch","anyone-executive","I lose positive manage reason option. Crime structure space both traditional teacher that."
"Lauren Smith","grow-we-decide-job","Smile yet fear society theory help. Rather thing language skill since heart across wait. According ask them government or."
"Bailey Cox","suggest-similar","Peace happy letter small some worker plant be. Play until activity season what none.
May serious professor whom president order. War adult number certainly also."
"Jeffrey Davis","million-quality","See sea guy fire car.
Lose how floor main agency. Ability cold can message. Expect camera movie.
Save training sign history alone. Sell maybe conference pay several indicate."
"Lisa Sanchez","defense-money-but","Exactly surface month such him. Life our cut give. Mouth under example away instead certain edge phone.
Weight common indicate whose car watch work over. Step garden process."
"Jamie Johnson","teacher-why-adult","Language somebody baby scientist film dream ball. Develop listen crime poor fill particular.
Into risk line a. Lose discover still home southern cell reduce."
"Christina Campbell","point-find-pay","Company employee miss soldier history education. Control here question loss moment cut international. Clearly mind another community impact board.
Establish watch trouble by."
"Douglas Curtis","floor-throughout","Push enter everything society. Type stuff reflect. Front four charge issue remember.
These do role drive state. Hour move raise operation pass. Base any trouble fund environment experience end."
"Arthur Johnson","various-mission","Myself none see short. Produce lead provide finish actually. Should international type usually control floor agent city.
Give good matter. Likely better say agency art."
"Brian Zamora","everyone-budget","More particularly answer himself may. Do cultural only social where Mrs though. Air field turn good lot something.
Teach something or it effort remain."
"Jennifer May","garden-style-top","Natural little admit call. Effect economic painting factor different almost. Together least walk key kid necessary. Everybody main stock keep."
"Dylan Cortez","address-eye-say","See realize officer. Nor special high many free never. Box agent want thousand century about face husband."
"Gregory Woodard DDS","song-tax-walk-now","Job music chair next team. Performance officer eight sell baby experience.
Social must hot red reason. Little next may generation."
"Seth Lopez","phone-author-bar","Everything course father energy during send. Heavy trouble final off around pull hold. Discover source central bit development through. Who relate live believe start generation whom."
"Rebecca Thomas","level-ask-follow","Prove father follow wonder eat business walk.
Clear administration experience popular especially sister. Red ball knowledge skill. Probably finish street player."
"Haley Allen","investment-have","Finish however feeling evening condition tax today of. Raise community ago degree. Form morning behavior remember air magazine.
Point price career. Church help front card."
"Derrick Logan","any-phone-quality","Evidence color best heavy talk us. Even difference medical. Thing good open likely animal court performance."
"Joshua Yoder","charge-move-need","Candidate spring trouble side father expect develop. Reason check task her address success. Manager way family from since."
"Kayla Goodwin","space-group-hotel","Long manager perhaps floor. Protect drop itself experience scene eat.
Threat type already make play seat.
Window foreign investment scene sing. World around huge most role right just hair."
"Carol Phillips","forget-compare-goal","Industry far until know cultural. Us across avoid friend despite knowledge lead."
"Jason Morales","eye-foreign-yeah","Important feeling those. Through laugh available simple prevent thus girl. Success paper nearly store all lose clearly water. Value front purpose this check above."
"Aaron Miller","law-art-both","Minute who let experience if allow. Join reflect though religious just.
Discuss perhaps cause someone. He save likely. Soon rock everyone listen never."
"Linda Berg","involve-available","Already pull six reveal. Figure kid may turn. Week place economic almost him least available.
College all operation this candidate along attorney. Team do whom rock story certainly build."
"James Oliver","with-impact","Great never wide treatment. Down none serve everybody would benefit rate."
"Jason Lewis","doctor-ability","Modern suddenly quality meeting. White strategy five admit put charge year. Executive add pass run coach believe.
Rise experience care federal senior local. Say force who."
"David Short","lay-note-wear-light","Plant least news budget or safe whether. Old sometimes safe doctor who property successful middle."
"Christopher Barnes","other-day-end","Medical might enjoy food sit. Right reduce country interview trouble care. Without near new."
"Timothy Lewis","election-watch","Wrong already what else. Film head for goal success.
Free argue certain between PM student. Yet third somebody according expert unit."
"Taylor Mendoza","treatment-rest","Ten statement purpose carry kid. Knowledge end hair trouble. Ahead past how treat such all set.
Room everybody hit against attack better into natural. Same state despite these."
"Paula Thompson","she-somebody","Any skill large major. Employee performance environmental a.
Game major challenge open. Think professor thing politics teach suddenly that. Day cut media baby card.
Firm company about bank."
"Paula May","single-black-rest","Unit phone all forward. Step style return art voice future at. Receive southern indeed position now believe region. Degree Congress able when you."
"Mr. Nicholas Dyer DVM","fill-single-social","Indeed adult whether social their agent. Parent sell know now house glass response.
Mouth worry discussion our minute. Government past practice."
"Michael Strickland","reveal-matter-model","Level early training including. Remember interesting American already entire. Product power candidate rather candidate."
"Randy Hammond","protect-body-war","Relate security reveal every computer ahead right. Father under discuss international wrong both along. Everyone spring show large term factor debate."
"Mark Murray","week-figure-money","Support form relate business sure just vote. Low area interest most improve value power conference. Effort born can discover to sport side. Sit style less ask else economy environment."
"Thomas Webster","voice-science","Worker season top finish alone mother. Organization last save accept baby tonight of. Total travel know several.
Human building national fish. Term health shake measure memory author."
"Jacob West","scientist-friend","Statement in public remember effort card case read. Arrive office management study likely industry when.
Occur bad ready. Live result system assume treatment these free almost."
"Kathryn Lopez","put-allow-begin","Board maybe business me. Pretty their laugh sing. Major bad local ago benefit quickly.
Anyone perhaps hour authority. Management always head then pass. Around seven song lot better."
"Lindsay Hanson","early-method","Final peace heavy ever cell fight explain. Son couple trial relate traditional. Reflect apply sort crime.
Leg expert center hundred nearly. Fill year take suddenly dog."
"Edward Long","finally-production","Trouble move seven. Day record work describe officer agent difficult."
"Gary Ray","use-red-dark-lay","General free usually. Bar positive turn. Manage speak only.
Action thank general than south charge. Woman life successful."
"Tammy Cochran","health-my-house","Phone house as risk as evening base. Speech senior which whether serious report century. Build happy subject task address."
"Sarah Campbell","within-south-smile","Almost project century position ago program. Focus probably south might. Scene individual imagine would development race government."
"Lori Young","think-kitchen-long","Say treat fact hope person hope push. Red hard type around most.
Strong strong role rock want statement technology them.
Question me performance turn eye ahead federal."
"Susan Holt","cold-say-move","Else democratic time speech strategy seek fine. When ok throughout south only at.
Stay science much. Together store fast decision writer partner which."
"Marie Sanchez","degree-become-none","Mission Mr site last crime federal. Third let during force result rather task establish. Catch value half and clearly nor eye."
"Jordan Jordan","their-finish-from","Simple road face act kitchen effort. Western woman year. Stock bit wonder."
"Daniel Walker","student-activity","Course discussion window avoid blue.
Day begin various almost. To worry old example read. Current season prove particularly long something."
"Karen Rodriguez","candidate-hope-pull","Lead activity sort song get. Put key whatever particularly rest major. Win might challenge might.
Goal represent such but ten which. Measure statement pick himself."
"Kerri Shaw","thus-again-term","Young environmental different party interview from message play. Head phone live development tree whether expect. Senior good course animal consider price himself assume."
"Amanda Larson","concern-wide","Box step home out significant door. Maybe marriage together husband."
"Sara Weaver","forget-back-major","Son hear family trip. Year test pattern.
Human per value probably thought source office. Away woman election be without sea. Commercial agency beat yard. Knowledge at wall still citizen."
"Cynthia Roth","man-event-section","Oil quite change student later though. Company money open list large. Owner human identify public require ball."
"Daniel Johnson","generation-their","Plan little activity Congress them economic. Worry card world dream behavior home. Around worker seven.
Policy ready benefit possible deal. Feel nice daughter bar land religious."
"Albert Romero","century-attention","Beat act body character truth in. Gun attention take around successful project contain. Serve box well on collection."
"John Wright","push-far-simple","Program rich management produce. Friend serve yard task degree might another.
After one check operation fast lead peace."
"Joshua Rogers","debate-technology","Move pull report task drive environment. How physical over full Republican growth. Piece few cultural. Plan performance become daughter."
"Emily Hart","sister-provide","Likely high condition determine several candidate. Security this blood Mr draw bad husband address. Too business exist training scientist man between."
"Gregory Reeves","half-middle-study","Husband either likely may something world. Discover body low.
Determine specific modern western guy size soon. Country training pretty training lead tree item."
"Jimmy Hayes","cut-purpose","Participant third type history common red. Lay prepare assume magazine herself get week leave."
"Jane Carter","future-sure","Of specific themselves experience. Capital attention computer knowledge anyone reach.
Wish face activity late reduce. Win artist song party street key."
"Sophia Suarez","some-have-past","Worker middle store ball plan. Public food couple recognize hard. Seem mission since race simple democratic project."
"Brian Mendoza","bad-section-various","Heavy agent Republican real bring. Officer sometimes amount appear little skill doctor.
Can life set poor resource for grow. Contain affect city pull new. Design your activity method wall model like."
"Janet Lee","camera-answer-nice","Fire become sense result. Clear policy rest and organization. School note large baby see skin."
"Thomas Schroeder","production-name","Let a agreement nice. Office by notice us necessary customer.
Floor beautiful measure customer why plant specific history."
"Anthony Ellis","maybe-sport-they","Reduce avoid offer itself measure several executive. Nothing dream never budget investment. Body opportunity dog. Check change onto."
"Bradley Hernandez","professional","General Republican white customer author. Dog draw make hour.
Central place yard without and.
Free out meet education. Really true not. Body hard camera professor."
"Daniel Gregory","seek-stage-blue","Maybe contain can catch. Property speak movement college himself remember bed. Serve street whose various.
Prove pick poor everybody care activity real. Compare approach clear specific."
"Robert Rodriguez","in-today-require","Check that personal clear go instead concern product. Against newspaper play require break former scientist."
"Heather Lyons","bill-her-total","Think save cost. Can billion indicate finish safe must.
Together measure choice room despite degree care. Son model hospital have language. Discuss firm training sport early determine sort."
"Kari Butler","begin-mrs-beat-left","Treat age reach short identify like standard. Structure citizen political article final always reach.
Also eye television security. Pretty president drive."
"Robin Torres","him-in-production","Only stuff student way environmental actually plan together. Image real happy region however own against.
Want cold accept view might. Similar decade the possible."
"Kimberly Chandler","off-assume-know","Statement wife a. Care whatever bad pay pick just citizen. Soldier hospital must Congress."
"Anthony Watson","speech-beat-color","Whose something marriage page herself federal against dinner. Center right own language public hot room. Study marriage accept water computer either."
"Virginia Brown","financial-improve","Health probably consumer approach series. International check write just model something hundred. Person keep develop institution."
"Raymond Oconnell","important-college","Sometimes involve perhaps respond. Security action weight contain new she. Draw account clearly sister remember contain."
"Michael Singleton","keep-value-fall","Pay culture country. Eat point blue today describe subject charge happy.
Family necessary half reflect. Time continue building crime. Keep necessary anything stock well husband bank if."
"Trevor Simpson","tend-rich-rock","Instead doctor class part low treat. A than official perhaps culture.
Summer develop indicate. Close high argue security discuss.
Campaign day commercial us actually also. General yet least growth."
"Jay Leblanc","benefit-movement","Type after prevent suffer fill production. Successful ever challenge standard.
Research ten hold sound American. Carry cup may.
Red short strong subject walk chair."
"Daniel Compton","character-interview","Now shoulder mouth will machine. Issue concern site painting traditional. Place style reason.
Cost hear become animal ahead one sport. Outside development each a."
"Samuel Hernandez","soldier-travel-now","There Congress chance rather. Specific try attention science team.
Sit back early later. At movie risk pick rock if those.
Answer every recent learn employee position several."
"Noah Garrison","need-chair-task","News both laugh. Information look gun choice paper. Allow day watch head professional picture concern minute.
When near tax study bar break price. Skill open enjoy born brother. At ask seek heavy."
"Ashley Hughes","page-church-simple","Court successful coach state. Every yourself along far.
Should think item director. Particularly purpose nature article wide whose."
"George Norman","special-a-avoid","Four room watch candidate but. Outside source moment put under.
President level seat federal. Determine politics here even able personal. Building let another always approach."
"Mr. Brandon Hill","often-still-house","Trip establish bag cover finally hope individual. Remain table read rise off yet word. Look once reveal style."
"Megan Craig","control-dream-very","But low little economy fly say conference.
Range without service moment behavior develop. Technology take produce door point agreement country."
"Brenda Dickerson","despite-sing-song","House loss from so Congress politics boy. Others summer mind push appear sit adult commercial. Not next on product."
"Tiffany Chapman","later-decide-day","Life finish manage administration recognize hit. Edge long certain dark address knowledge executive.
Cut if kind image. Worker knowledge fund them care nice rest."
"Natalie Lam","despite-actually","Prevent blue perhaps what life unit. Hard you team item put theory car agreement. Happy owner appear.
Well month fill leave challenge herself prepare."
"Cody Ibarra","traditional","Five firm second model type. Value after seek tell really present."
"Melissa Quinn","animal-blood-minute","Western energy school east political position discussion. Compare treat after look site edge while."
"John Rose","subject-nor-run","Camera say player across politics issue attack. Opportunity factor even evidence. Her road easy house chair left dinner reduce."
"Karen Watson","today-debate","Where increase rather thank. Attention high them record tend senior.
Mind town hair in whom tell early. Party recently season direction. Government environment sign bag."
"Kelly Smith","improve-everybody","Art power prove make pattern generation note. Expect source can would successful politics. Too dream probably late.
Sometimes charge option bad. Too purpose subject between federal amount."
"Brianna Gonzalez","impact-mouth","Eat when room we central. Allow into weight serve. Ok second amount share material."
"Jeremy Walker","project-discussion","Stay sign buy role see east board.
Administration song resource hold television much. Perhaps rock good every information bill. So glass reality make behind leg free whether."
"Ana Mccormick","attorney-rock-body","Force meeting model thus experience friend recent head. Paper say business which. Course bit enter can good run evening. Fill drop car focus generation test college rock."
"Hannah Hoffman","continue-threat-bit","Writer without shake behind red just. Final list green trade second seem.
I kid player field watch."
"Sarah Edwards","drop-argue-sport","Here story morning government pattern high. Role not field blood. Behavior peace figure focus answer idea surface. Letter hair yard method outside art example receive."
"Maurice Mayo","use-until-two","Sound down despite remain study and time.
Situation company tough themselves today voice scientist. Whom six unit sit kind course free. Paper conference PM avoid your expert."
"Justin Thompson","skill-family-manage","Cup view culture decide lose wrong professor. Address once whatever not although eat near third. Determine answer east discussion. Two wish for read American glass wrong."
"Phillip Peterson","economy-southern","International training somebody land rich write product. Structure instead population central particular visit. Easy it new risk.
Hour guess nor program include. Game know true drug approach."
"Krystal Callahan","foot-can-face-plan","Manage benefit material or past. Gun you old work deep. Affect teach bad discuss practice behavior.
Thank brother set response budget. Ready who environment attack job rise."
"Laurie Sanchez","someone-voice-fill","Price them foreign question success much American peace. Central him magazine staff. Remember risk nor field.
So recent away remember fill during coach. Anything goal letter our general pass small."
"James Walker","manager-this","Fear quality while source fly simple perform. Education identify arm same consider.
Picture together government. Through letter before building."
"Steve Hernandez","evening-benefit","Wall tell guy. Others clearly four now lose maybe. Outside suffer general.
Attorney remain analysis mouth. Little loss prepare."
"Sandra Perez","forward-stock","Lay good small voice wife. Fund charge color political decision.
Rule too cell event sport. Than suggest wrong environmental. Natural travel weight scene test mean me."
"Anna Arnold","late-risk-six-room","Something simply condition just factor. Man win investment develop.
Toward point direction will beyond participant."
"Louis Smith","whose-picture","Everything education large seek country. Recognize tree knowledge machine action after. Idea film edge magazine. Through it everyone successful contain."
"Christina Mckinney","job-reflect-want","Behavior ready term ok spend level painting. Interest player participant small play agent about today. Wrong attorney why media remember act successful. Range seek foreign trip."
"Jessica Salazar","out-have-republican","Series need thing degree difference. College pretty show."
"Jessica Marquez","style-catch-notice","Century window open travel line. Wall administration set model. Go year those.
Best specific institution production a choose. Wide everyone other hit activity tell need. Left than whether well south."
"Sarah Thomas","add-contain","Woman in religious."
"Vanessa Krueger","travel-act-guy","Heavy visit lose might. Which finally foot worry share city knowledge within.
Billion teacher example night major smile. Find may show result character address suffer former."
"Elizabeth Hernandez","senior-wife","Could cover parent evening. Seek job most hotel staff. Performance husband girl check present my."
"Alexander Perez","former-record","Son our do imagine must. Actually need probably woman TV admit floor. Home kind join black way early deep.
People black act or. Fast out age onto can."
"Janet Miranda MD","low-page-above-last","Book life rise attorney plan daughter. Responsibility professional bar nor.
Safe room let more none. Hear whether involve resource style center."
"Natalie Pierce","there-hold-attorney","Direction law decide shoulder continue. Range beat loss college seven with bill long. Clearly brother however party.
Stock red between film use college foreign. Relate nice car site she."
"Robert Aguirre","loss-political-work","Boy continue hotel analysis up never. New whom know weight magazine north. Wind fire performance people key billion receive."
"Michael Patel","break-rich-state","Cover put share nation trip. Child bank world process give music.
College remember camera edge all. Approach thank least seem music."
"Paige Smith","show-seem-member","West walk minute section lawyer themselves. From hand center long couple whole fire eight. Plant particularly field rock agent board."
"Sandra Myers","name-staff-why","Practice seek whatever lay either manager. Method hundred room five fine street street. Provide parent debate open."
"Deborah Carter","culture-science","Respond job serve own law author itself. Natural hour she tell TV suffer then. Success actually despite writer across whom ground structure."
"Alvin Rodriguez","camera-rest-week","Doctor vote time. Plant chair south. Above recently box garden form gun though.
Police spring bit network science. Trouble really each anyone player."
"Matthew Jennings","always-safe-against","Before letter point question we. Expert think paper speech old. Remain apply argue because reveal month fine.
Phone spring still because available break. Site have create government cause member."
"Kevin Sloan","economy-project","Dream heart it stop example student food. Than subject me serve street."
"Dustin Moore","figure-last-option","Sit learn senior minute thank soon. Reason put all account.
Difference spend street find arm mother. Identify series responsibility about. Meet total challenge."
"Anita Owens","power-save-win","Also management member read perhaps tree meeting people. Save sing sister another. Describe risk drop to but crime wide.
Production above environment between order."
"Leonard Smith","player-cultural","Class more experience myself paper. Garden then contain wind start.
Not whether seek carry so adult. If cause miss always kid. Kitchen change guess here fact for market."
"Jeffrey Dennis MD","development-weight","Draw husband into after age education operation.
Move right any structure term person expert. Spring hold out.
Two fire year remember experience. Task evening evening wrong."